[
    {
        "data_id": 0,
        "method": "od",
        "scenario_id": 1,
        "route_id": 0,
        "risk_level": null,
        "parameters": null
    },
    {
        "data_id": 1,
        "method": "od",
        "scenario_id": 1,
        "route_id": 1,
        "risk_level": null,
        "parameters": null
    },
    {
        "data_id": 2,
        "method": "od",
        "scenario_id": 1,
        "route_id": 2,
        "risk_level": null,
        "parameters": null
    },
    {
        "data_id": 3,
        "method": "od",
        "scenario_id": 1,
        "route_id": 3,
        "risk_level": null,
        "parameters": null
    },
    {
        "data_id": 4,
        "method": "od",
        "scenario_id": 2,
        "route_id": 0,
        "risk_level": null,
        "parameters": null
    },
    {
        "data_id": 5,
        "method": "od",
        "scenario_id": 2,
        "route_id": 1,
        "risk_level": null,
        "parameters": null
    },
    {
        "data_id": 6,
        "method": "od",
        "scenario_id": 2,
        "route_id": 2,
        "risk_level": null,
        "parameters": null
    },
    {
        "data_id": 7,
        "method": "od",
        "scenario_id": 2,
        "route_id": 3,
        "risk_level": null,
        "parameters": null
    },
    {
        "data_id": 8,
        "method": "od",
        "scenario_id": 3,
        "route_id": 0,
        "risk_level": null,
        "parameters": null
    },
    {
        "data_id": 9,
        "method": "od",
        "scenario_id": 3,
        "route_id": 1,
        "risk_level": null,
        "parameters": null
    },
    {
        "data_id": 10,
        "method": "od",
        "scenario_id": 3,
        "route_id": 2,
        "risk_level": null,
        "parameters": null
    },
    {
        "data_id": 11,
        "method": "od",
        "scenario_id": 3,
        "route_id": 3,
        "risk_level": null,
        "parameters": null
    }
]