{
    "available_scenarios": [
        {
            "Town_Safebench_Heavy": [
                {
                    "available_event_configurations": [
                        {
                            "other_actors": {
                                "left": []
                            },
                            "transform": {
                                "pitch": "0.00",
                                "x": "194.7500",
                                "y": "40.5000",
                                "yaw": "90.00",
                                "z": "0.0"
                            }
                        },
                        {
                            "other_actors": {
                                "left": []
                            },
                            "transform": {
                                "pitch": "0.00",
                                "x": "-5.2500",
                                "y": "40.5000",
                                "yaw": "90.00",
                                "z": "0.0"
                            }
                        },
                        {
                            "other_actors": {
                                "left": []
                            },
                            "transform": {
                                "pitch": "0.00",
                                "x": "-42.50",
                                "y": "-1.75",
                                "yaw": "180.00",
                                "z": "0.0"
                            }
                        },
                        {
                            "other_actors": {
                                "left": []
                            },
                            "transform": {
                                "pitch": "0.00",
                                "x": "-42.5000",
                                "y": "198.2500",
                                "yaw": "180.00",
                                "z": "0.0"
                            }
                        }
                    ],
                    "scenario_name": "Scenario_Vehicle"
                }
            ]
        }
    ]
}