{
  "available_scenarios": [
    {
      "Town_Safebench_Light": [
        {
          "available_event_configurations": [
            {
              "other_actors": {
                "left": []
              },
              "transform": {
                "pitch": "0.00",
                "x": "92.50",
                "y": "5.25",
                "yaw": "-0.00",
                "z": "0.15"
              }
            },
            {
              "other_actors": {
                "left": []
              },
              "transform": {
                "pitch": "0.00",
                "x": "194.75",
                "y": "92.50",
                "yaw": "90.00",
                "z": "0.29"
              }
            },
            {
              "other_actors": {
                "left": []
              },
              "transform": {
                "pitch": "360.00",
                "x": "108.50",
                "y": "194.75",
                "yaw": "180.00",
                "z": "0.15"
              }
            },
            {
              "other_actors": {
                "left": []
              },
              "transform": {
                "pitch": "360.00",
                "x": "5.25",
                "y": "108.50",
                "yaw": "270.00",
                "z": "0.29"
              }
            }
          ],
          "scenario_type": "Scenario3"
        }
      ]
    }
  ]
}