{
    "available_scenarios": [
        {
            "Town01": [
                {
                    "available_event_configurations": [
                        {
                            "transform": {
                                "pitch": "0",
                                "x": "319.64",
                                "y": "-2.20",
                                "yaw": "180",
                                "z": "1.0"
                            }
                        },
                        {
                            "transform": {
                                "pitch": "0",
                                "x": "107.98",
                                "y": "330.64",
                                "yaw": "0",
                                "z": "1.0"
                            }
                        },
                        {
                            "transform": {
                                "pitch": "0",
                                "x": "317.95",
                                "y": "326.51",
                                "yaw": "180",
                                "z": "1.0"
                            }
                        },
                        {
                            "transform": {
                                "pitch": "0",
                                "x": "108.68",
                                "y": "199.13",
                                "yaw": "0",
                                "z": "1.0"
                            }
                        },
                        {
                            "transform": {
                                "pitch": "0",
                                "x": "317.15",
                                "y": "195.0",
                                "yaw": "180",
                                "z": "1.0"
                            }
                        },
                        {
                            "transform": {
                                "pitch": "0",
                                "x": "108.81",
                                "y": "133.54",
                                "yaw": "0",
                                "z": "1.0"
                            }
                        },
                        {
                            "transform": {
                                "pitch": "0",
                                "x": "319.79",
                                "y": "129.41",
                                "yaw": "180",
                                "z": "1.0"
                            }
                        },
                        {
                            "transform": {
                                "pitch": "0",
                                "x": "322.54",
                                "y": "55.39",
                                "yaw": "180",
                                "z": "1.0"
                            }
                        },
                        {
                            "transform": {
                                "pitch": "0",
                                "x": "170.84",
                                "y": "59.52",
                                "yaw": "0",
                                "z": "1.0"
                            }
                        },
                        {
                            "transform": {
                                "pitch": "0",
                                "x": "2.52",
                                "y": "316.80",
                                "yaw": "270",
                                "z": "1.0"
                            }
                        },
                        {
                            "transform": {
                                "pitch": "0",
                                "x": "2.52",
                                "y": "163.40",
                                "yaw": "270",
                                "z": "1.0"
                            }
                        },
                        {
                            "transform": {
                                "pitch": "0",
                                "x": "-1.81",
                                "y": "163.80",
                                "yaw": "89",
                                "z": "1.0"
                            }
                        },
                        {
                            "transform": {
                                "pitch": "0",
                                "x": "-1.61",
                                "y": "10.73",
                                "yaw": "89",
                                "z": "1.0"
                            }
                        },
                        {
                            "transform": {
                                "pitch": "0",
                                "x": "396.30",
                                "y": "317.80",
                                "yaw": "270",
                                "z": "1.0"
                            }
                        },
                        {
                            "transform": {
                                "pitch": "0",
                                "x": "392.17",
                                "y": "165.10",
                                "yaw": "89",
                                "z": "1.0"
                            }
                        },
                        {
                            "transform": {
                                "pitch": "0",
                                "x": "396.30",
                                "y": "165.30",
                                "yaw": "270",
                                "z": "1.0"
                            }
                        },
                        {
                            "transform": {
                                "pitch": "0",
                                "x": "392.17",
                                "y": "12.30",
                                "yaw": "89",
                                "z": "1.0"
                            }
                        }
                    ],
                    "scenario_name": "Scenario6"
                }
            ],
            "Town02": [
                {
                    "available_event_configurations": [
                        {
                            "transform": {
                                "pitch": "0",
                                "x": "180.93",
                                "y": "105.31",
                                "yaw": "180",
                                "z": "1.22"
                            }
                        },
                        {
                            "transform": {
                                "pitch": "0",
                                "x": "7.63",
                                "y": "109.91",
                                "yaw": "359",
                                "z": "1.22"
                            }
                        }
                    ],
                    "scenario_name": "Scenario6"
                }
            ],
            "Town03": [
                {
                    "available_event_configurations": [],
                    "scenario_name": "Scenario6"
                }
            ],
            "Town04": [
                {
                    "available_event_configurations": [],
                    "scenario_name": "Scenario6"
                }
            ],
            "Town05": [
                {
                    "available_event_configurations": [],
                    "scenario_name": "Scenario6"
                }
            ],
            "Town06": [
                {
                    "available_event_configurations": [],
                    "scenario_name": "Scenario6"
                }
            ]
        }
    ]
}