{
    "available_scenarios": [
        {
            "Town01": [
                {
                    "available_event_configurations": [],
                    "scenario_name": "Scenario10"
                }
            ],
            "Town02": [
                {
                    "available_event_configurations": [],
                    "scenario_name": "Scenario10"
                }
            ],
            "Town03": [
                {
                    "available_event_configurations": [
                        {
                            "other_actors": {
                                "left": [
                                    {
                                        "pitch": "0.0",
                                        "x": "-88.91",
                                        "y": "-101.82",
                                        "yaw": "270.91452",
                                        "z": "0.92"
                                    },
                                    {
                                        "pitch": "0.0",
                                        "x": "-85.47",
                                        "y": "-101.76",
                                        "yaw": "270.91452",
                                        "z": "0.92"
                                    }
                                ]
                            },
                            "transform": {
                                "pitch": "0",
                                "x": -46.1,
                                "y": -140.7,
                                "yaw": 180.0,
                                "z": 0.92
                            }
                        },
                        {
                            "other_actors": {
                                "left": [
                                    {
                                        "pitch": "0.0",
                                        "x": "-112.45",
                                        "y": "-135.50",
                                        "yaw": "0.061707",
                                        "z": "0.92"
                                    }
                                ]
                            },
                            "transform": {
                                "pitch": "0",
                                "x": -74.68,
                                "y": -106.31,
                                "yaw": 270.0,
                                "z": 0.92
                            }
                        },
                        {
                            "other_actors": {
                                "left": [
                                    {
                                        "pitch": "0.0",
                                        "x": "-112.45",
                                        "y": "-135.50",
                                        "yaw": "0.061707",
                                        "z": "0.92"
                                    }
                                ]
                            },
                            "transform": {
                                "pitch": "361.3090515136719",
                                "x": "-78.15487670898438",
                                "y": "-106.30052185058594",
                                "yaw": "269.84375",
                                "z": "-0.374824196100235"
                            }
                        },
                        {
                            "other_actors": {
                                "left": [
                                    {
                                        "pitch": "0.0",
                                        "x": "-112.7",
                                        "y": "-135.63",
                                        "yaw": "0.070038",
                                        "z": "0.92"
                                    }
                                ]
                            },
                            "transform": {
                                "pitch": "0",
                                "x": -78.1,
                                "y": -106.31,
                                "yaw": 270.0,
                                "z": 0.92
                            }
                        },
                        {
                            "other_actors": {
                                "left": [
                                    {
                                        "pitch": "0.0",
                                        "x": "-112.7",
                                        "y": "-135.63",
                                        "yaw": "0.070038",
                                        "z": "0.92"
                                    }
                                ]
                            },
                            "transform": {
                                "pitch": "361.3090515136719",
                                "x": "-74.6549072265625",
                                "y": "-106.31939697265625",
                                "yaw": "269.84375",
                                "z": "-0.3746110796928406"
                            }
                        },
                        {
                            "other_actors": {
                                "left": [
                                    {
                                        "pitch": "0.0",
                                        "x": "-88.12",
                                        "y": "-169.33",
                                        "yaw": "90.99231",
                                        "z": "0.92"
                                    }
                                ]
                            },
                            "transform": {
                                "pitch": "0",
                                "x": -88.11,
                                "y": -170.3,
                                "yaw": 90.0,
                                "z": 0.92
                            }
                        },
                        {
                            "other_actors": {
                                "left": [
                                    {
                                        "pitch": "0.0",
                                        "x": "-88.12",
                                        "y": "-169.33",
                                        "yaw": "90.99231",
                                        "z": "0.92"
                                    }
                                ]
                            },
                            "transform": {
                                "pitch": "0.0",
                                "x": "-84.04679870605469",
                                "y": "-170.06784057617188",
                                "yaw": "93.27017974853516",
                                "z": "0.0"
                            }
                        },
                        {
                            "other_actors": {
                                "left": [
                                    {
                                        "pitch": "0.0",
                                        "x": "-41.18",
                                        "y": "-139.18",
                                        "yaw": "181.411148",
                                        "z": "0.92"
                                    }
                                ]
                            },
                            "transform": {
                                "pitch": "0",
                                "x": -84.48,
                                "y": -170.3,
                                "yaw": 91.0,
                                "z": 0.92
                            }
                        },
                        {
                            "other_actors": {
                                "left": [
                                    {
                                        "pitch": "0.0",
                                        "x": "-41.18",
                                        "y": "-139.18",
                                        "yaw": "181.411148",
                                        "z": "0.92"
                                    }
                                ]
                            },
                            "transform": {
                                "pitch": "0.0",
                                "x": "-87.52928924560547",
                                "y": "-170.4742431640625",
                                "yaw": "93.27017974853516",
                                "z": "0.0"
                            }
                        },
                        {
                            "other_actors": {
                                "left": [
                                    {
                                        "pitch": "0.0",
                                        "x": "-84.34",
                                        "y": "-174.23",
                                        "yaw": "91.239563",
                                        "z": "0.77"
                                    },
                                    {
                                        "pitch": "0.0",
                                        "x": "-87.72",
                                        "y": "-174.7",
                                        "yaw": "91.239563",
                                        "z": "0.77"
                                    }
                                ]
                            },
                            "transform": {
                                "pitch": "0",
                                "x": -113.37,
                                "y": -135.68,
                                "yaw": 1.0,
                                "z": 2.7
                            }
                        },
                        {
                            "other_actors": {
                                "left": [
                                    {
                                        "pitch": "10.508362",
                                        "x": "82.56",
                                        "y": "-46.78",
                                        "yaw": "271.32608",
                                        "z": "6.54"
                                    }
                                ]
                            },
                            "transform": {
                                "pitch": "0",
                                "x": 114.84,
                                "y": -76.55,
                                "yaw": 181.0,
                                "z": 9.0
                            }
                        },
                        {
                            "other_actors": {
                                "left": [
                                    {
                                        "pitch": "10.508362",
                                        "x": "82.56",
                                        "y": "-46.78",
                                        "yaw": "271.32608",
                                        "z": "6.54"
                                    }
                                ]
                            },
                            "transform": {
                                "pitch": "0.0",
                                "x": "114.74317169189453",
                                "y": "-72.87480926513672",
                                "yaw": "-178.49090576171875",
                                "z": "8.0"
                            }
                        },
                        {
                            "other_actors": {
                                "left": [
                                    {
                                        "pitch": "0.0",
                                        "x": "-45.89",
                                        "y": "131.46",
                                        "yaw": "179.226013",
                                        "z": "1.0"
                                    }
                                ]
                            },
                            "transform": {
                                "pitch": "0",
                                "x": -88.12,
                                "y": 101.68,
                                "yaw": 89.0,
                                "z": 1.0
                            }
                        },
                        {
                            "other_actors": {
                                "left": [
                                    {
                                        "pitch": "0.0",
                                        "x": "-45.89",
                                        "y": "131.46",
                                        "yaw": "179.226013",
                                        "z": "1.0"
                                    }
                                ]
                            },
                            "transform": {
                                "pitch": "-1.012520670890808",
                                "x": "-84.58769989013672",
                                "y": "101.67036437988281",
                                "yaw": "89.84374237060547",
                                "z": "0.3354354798793793"
                            }
                        },
                        {
                            "other_actors": {
                                "left": [
                                    {
                                        "pitch": "0.0",
                                        "x": "170.14",
                                        "y": "97.81",
                                        "yaw": "268.909027",
                                        "z": "2.4"
                                    }
                                ]
                            },
                            "transform": {
                                "pitch": "0",
                                "x": 201.12,
                                "y": 58.8,
                                "yaw": 178.0,
                                "z": 0.99
                            }
                        },
                        {
                            "other_actors": {
                                "left": [
                                    {
                                        "pitch": "0.0",
                                        "x": "-145.55",
                                        "y": "98.97",
                                        "yaw": "270.182343",
                                        "z": "0.99"
                                    }
                                ]
                            },
                            "transform": {
                                "pitch": "0",
                                "x": -125.3,
                                "y": 45.81,
                                "yaw": 133.0,
                                "z": 0.99
                            }
                        },
                        {
                            "other_actors": {
                                "left": [
                                    {
                                        "pitch": "0.0",
                                        "x": "-120.9",
                                        "y": "41.36",
                                        "yaw": "134.365295",
                                        "z": "0.99"
                                    }
                                ]
                            },
                            "transform": {
                                "pitch": "0",
                                "x": -149.58,
                                "y": 40.72,
                                "yaw": 90.0,
                                "z": 0.99
                            }
                        },
                        {
                            "other_actors": {
                                "left": [
                                    {
                                        "pitch": "0.0",
                                        "x": "-145.9",
                                        "y": "100.67",
                                        "yaw": "267.650696",
                                        "z": "0.99"
                                    }
                                ]
                            },
                            "transform": {
                                "pitch": "0",
                                "x": -115.5,
                                "y": 30.75,
                                "yaw": 134.0,
                                "z": 0.99
                            }
                        },
                        {
                            "other_actors": {
                                "left": [
                                    {
                                        "pitch": "0.0",
                                        "x": "34.3",
                                        "y": "196.64",
                                        "yaw": "179.39917",
                                        "z": "1.0"
                                    },
                                    {
                                        "pitch": "0.0",
                                        "x": "34.5",
                                        "y": "194.9",
                                        "yaw": "181.136978",
                                        "z": "1.0"
                                    }
                                ]
                            },
                            "transform": {
                                "pitch": "0",
                                "x": -5.84,
                                "y": 170.34,
                                "yaw": 90.0,
                                "z": 1.0
                            }
                        },
                        {
                            "other_actors": {
                                "left": [
                                    {
                                        "pitch": "0.0",
                                        "x": "34.3",
                                        "y": "196.64",
                                        "yaw": "179.39917",
                                        "z": "1.0"
                                    },
                                    {
                                        "pitch": "0.0",
                                        "x": "34.5",
                                        "y": "194.9",
                                        "yaw": "181.136978",
                                        "z": "1.0"
                                    }
                                ]
                            },
                            "transform": {
                                "pitch": "0.0",
                                "x": "-9.265254020690918",
                                "y": "170.36167907714844",
                                "yaw": "89.63746643066406",
                                "z": "0.0"
                            }
                        },
                        {
                            "other_actors": {
                                "left": [
                                    {
                                        "pitch": "0.0",
                                        "x": "34.26",
                                        "y": "194.19",
                                        "yaw": "181.136978",
                                        "z": "1.0"
                                    }
                                ]
                            },
                            "transform": {
                                "pitch": "0",
                                "x": -9.24,
                                "y": 170.42,
                                "yaw": 90.0,
                                "z": 1.0
                            }
                        },
                        {
                            "other_actors": {
                                "left": [
                                    {
                                        "pitch": "0.0",
                                        "x": "34.26",
                                        "y": "194.19",
                                        "yaw": "181.136978",
                                        "z": "1.0"
                                    }
                                ]
                            },
                            "transform": {
                                "pitch": "0.0",
                                "x": "-5.764954566955566",
                                "y": "170.3980255126953",
                                "yaw": "89.63746643066406",
                                "z": "0.0"
                            }
                        },
                        {
                            "other_actors": {
                                "left": [
                                    {
                                        "pitch": "0.237915",
                                        "x": "109.25",
                                        "y": "-6.99",
                                        "yaw": "181.86908",
                                        "z": "1.54"
                                    }
                                ]
                            },
                            "transform": {
                                "pitch": "352",
                                "x": 77.66,
                                "y": -36.16,
                                "yaw": 91.0,
                                "z": 5.25
                            }
                        },
                        {
                            "other_actors": {
                                "left": [
                                    {
                                        "pitch": "0.237915",
                                        "x": "182.92",
                                        "y": "-6.10",
                                        "yaw": "181.491562",
                                        "z": "1.38"
                                    }
                                ]
                            },
                            "transform": {
                                "pitch": "352",
                                "x": 148.52,
                                "y": -35.96,
                                "yaw": 91.0,
                                "z": 4.15
                            }
                        },
                        {
                            "other_actors": {
                                "left": [
                                    {
                                        "pitch": "0.0",
                                        "x": "235.62",
                                        "y": "-35.2",
                                        "yaw": "90.0",
                                        "z": "1.30"
                                    },
                                    {
                                        "pitch": "0.0",
                                        "x": "231.93",
                                        "y": "-34.86",
                                        "yaw": "90.0",
                                        "z": "1.30"
                                    }
                                ]
                            },
                            "transform": {
                                "pitch": "0",
                                "x": 199.72,
                                "y": 5.93,
                                "yaw": 0.0,
                                "z": 1.0
                            }
                        },
                        {
                            "other_actors": {
                                "left": [
                                    {
                                        "pitch": "0.0",
                                        "x": "235.62",
                                        "y": "-35.2",
                                        "yaw": "90.0",
                                        "z": "1.30"
                                    },
                                    {
                                        "pitch": "0.0",
                                        "x": "231.93",
                                        "y": "-34.86",
                                        "yaw": "90.0",
                                        "z": "1.30"
                                    }
                                ]
                            },
                            "transform": {
                                "pitch": "360.0",
                                "x": "199.66661071777344",
                                "y": "9.503244400024414",
                                "yaw": "0.855804443359375",
                                "z": "0.0"
                            }
                        },
                        {
                            "other_actors": {
                                "left": [
                                    {
                                        "pitch": "0.0",
                                        "x": "235.71",
                                        "y": "-34.55",
                                        "yaw": "90.374084",
                                        "z": "1.29"
                                    },
                                    {
                                        "pitch": "0.0",
                                        "x": "232.2",
                                        "y": "-34.58",
                                        "yaw": "90.374084",
                                        "z": "1.29"
                                    }
                                ]
                            },
                            "transform": {
                                "pitch": "0",
                                "x": 199.52,
                                "y": 9.7,
                                "yaw": 0.0,
                                "z": 0.99
                            }
                        },
                        {
                            "other_actors": {
                                "left": [
                                    {
                                        "pitch": "0.0",
                                        "x": "235.71",
                                        "y": "-34.55",
                                        "yaw": "90.374084",
                                        "z": "1.29"
                                    },
                                    {
                                        "pitch": "0.0",
                                        "x": "232.2",
                                        "y": "-34.58",
                                        "yaw": "90.374084",
                                        "z": "1.29"
                                    }
                                ]
                            },
                            "transform": {
                                "pitch": "360.0",
                                "x": "199.5752410888672",
                                "y": "6.001489639282227",
                                "yaw": "0.855804443359375",
                                "z": "0.0"
                            }
                        },
                        {
                            "other_actors": {
                                "left": [
                                    {
                                        "pitch": "0.0",
                                        "x": "28.78",
                                        "y": "196.68",
                                        "yaw": "180.072144",
                                        "z": "0.99"
                                    },
                                    {
                                        "pitch": "0.0",
                                        "x": "27.30",
                                        "y": "193.64",
                                        "yaw": "180.072144",
                                        "z": "0.99"
                                    }
                                ]
                            },
                            "transform": {
                                "pitch": "0",
                                "x": -34.45,
                                "y": 176.76,
                                "yaw": 144.0,
                                "z": 0.99
                            }
                        }
                    ],
                    "scenario_name": "Scenario10"
                }
            ],
            "Town04": [
                {
                    "available_event_configurations": [
                        {
                            "other_actors": {
                                "left": [
                                    {
                                        "pitch": "0.0",
                                        "x": "254.99",
                                        "y": "-283.71",
                                        "yaw": "90.0",
                                        "z": "1.0"
                                    }
                                ]
                            },
                            "transform": {
                                "pitch": "0",
                                "x": 225.69,
                                "y": -246.8,
                                "yaw": 0.0,
                                "z": 1.0
                            }
                        },
                        {
                            "other_actors": {
                                "left": [
                                    {
                                        "pitch": "0.0",
                                        "x": "291.96",
                                        "y": "-250.4",
                                        "yaw": "178.90509",
                                        "z": "1.0"
                                    }
                                ]
                            },
                            "transform": {
                                "pitch": "0",
                                "x": 255.26,
                                "y": -278.35,
                                "yaw": 90.0,
                                "z": 1.0
                            }
                        },
                        {
                            "other_actors": {
                                "left": [
                                    {
                                        "pitch": "0.0",
                                        "x": "258.58",
                                        "y": "-212.43",
                                        "yaw": "270.076752",
                                        "z": "1.0"
                                    }
                                ]
                            },
                            "transform": {
                                "pitch": "0",
                                "x": 286.77,
                                "y": -249.86,
                                "yaw": 180.0,
                                "z": 1.0
                            }
                        },
                        {
                            "other_actors": {
                                "left": [
                                    {
                                        "pitch": "0.0",
                                        "x": "220.22",
                                        "y": "-246.15",
                                        "yaw": "359.832275",
                                        "z": "1.0"
                                    }
                                ]
                            },
                            "transform": {
                                "pitch": "0",
                                "x": 258.59,
                                "y": -217.4,
                                "yaw": 269.0,
                                "z": 1.0
                            }
                        },
                        {
                            "other_actors": {
                                "left": [
                                    {
                                        "pitch": "0.0",
                                        "x": "235.73",
                                        "y": "-172.75",
                                        "yaw": "180.923157",
                                        "z": "1.19"
                                    }
                                ]
                            },
                            "transform": {
                                "pitch": "0",
                                "x": 198.95,
                                "y": -199.54,
                                "yaw": 90.0,
                                "z": 1.19
                            }
                        },
                        {
                            "other_actors": {
                                "left": [
                                    {
                                        "pitch": "0.0",
                                        "x": "198.98",
                                        "y": "-204.57",
                                        "yaw": "90.0",
                                        "z": "1.19"
                                    }
                                ]
                            },
                            "transform": {
                                "pitch": "0",
                                "x": 170.74,
                                "y": -169.54,
                                "yaw": 0.0,
                                "z": 1.19
                            }
                        },
                        {
                            "other_actors": {
                                "left": [
                                    {
                                        "pitch": "0.0",
                                        "x": "165.6",
                                        "y": "-169.56",
                                        "yaw": "0.059082",
                                        "z": "1.19"
                                    }
                                ]
                            },
                            "transform": {
                                "pitch": "0",
                                "x": 204.69,
                                "y": -144.35,
                                "yaw": 263.0,
                                "z": 1.19
                            }
                        },
                        {
                            "other_actors": {
                                "left": [
                                    {
                                        "pitch": "0.0",
                                        "x": "207.25",
                                        "y": "-139.94",
                                        "yaw": "258.321381",
                                        "z": "1.19"
                                    }
                                ]
                            },
                            "transform": {
                                "pitch": "0",
                                "x": 229.98,
                                "y": -172.92,
                                "yaw": 180.0,
                                "z": 1.19
                            }
                        }
                    ],
                    "scenario_name": "Scenario10"
                }
            ],
            "Town05": [
                {
                    "available_event_configurations": [
                        {
                            "other_actors": {
                                "left": [
                                    {
                                        "pitch": "0.0",
                                        "x": "-170.11",
                                        "y": "-91.96",
                                        "yaw": "179.424683",
                                        "z": "1.5"
                                    }
                                ]
                            },
                            "transform": {
                                "pitch": "360.0",
                                "x": "-190.11427307128906",
                                "y": "-120.71098327636719",
                                "yaw": "467.6999206542969",
                                "z": "0.055450439453125"
                            }
                        },
                        {
                            "other_actors": {
                                "left": [
                                    {
                                        "pitch": "0.0",
                                        "x": "-204.6",
                                        "y": "-88.61",
                                        "yaw": "359.302551",
                                        "z": "1.5"
                                    }
                                ]
                            },
                            "transform": {
                                "pitch": "0",
                                "x": -184.6,
                                "y": -58.77,
                                "yaw": 269.0,
                                "z": 1.5
                            }
                        },
                        {
                            "other_actors": {
                                "left": [
                                    {
                                        "pitch": "0.0",
                                        "x": "-188.57",
                                        "y": "-71.69",
                                        "yaw": "269.735962",
                                        "z": "1.5"
                                    }
                                ]
                            },
                            "transform": {
                                "pitch": "0",
                                "x": -157.24,
                                "y": -91.69,
                                "yaw": 179.0,
                                "z": 1.5
                            }
                        },
                        {
                            "other_actors": {
                                "left": [
                                    {
                                        "pitch": "0.0",
                                        "x": "-187.0",
                                        "y": "-108.16",
                                        "yaw": "90.0",
                                        "z": "1.5"
                                    }
                                ]
                            },
                            "transform": {
                                "pitch": "0",
                                "x": -220.83,
                                "y": -88.16,
                                "yaw": 359.0,
                                "z": 1.5
                            }
                        },
                        {
                            "other_actors": {
                                "left": [
                                    {
                                        "pitch": "0.0",
                                        "x": "-173.84",
                                        "y": "-91.96",
                                        "yaw": "180.0",
                                        "z": "1.5"
                                    }
                                ]
                            },
                            "transform": {
                                "pitch": "0",
                                "x": -192.93,
                                "y": -121.65,
                                "yaw": 108.05,
                                "z": 1.5
                            }
                        },
                        {
                            "other_actors": {
                                "left": [
                                    {
                                        "pitch": "0.0",
                                        "x": "-208.5",
                                        "y": "-84.28",
                                        "yaw": "359.302551",
                                        "z": "1.5"
                                    }
                                ]
                            },
                            "transform": {
                                "pitch": "0",
                                "x": -188.5,
                                "y": -58.73,
                                "yaw": 269.0,
                                "z": 1.5
                            }
                        },
                        {
                            "other_actors": {
                                "left": [
                                    {
                                        "pitch": "0.0",
                                        "x": "-191.6",
                                        "y": "-104.68",
                                        "yaw": "90.0",
                                        "z": "1.5"
                                    }
                                ]
                            },
                            "transform": {
                                "pitch": "0",
                                "x": -220.81,
                                "y": -84.68,
                                "yaw": 0.0,
                                "z": 1.5
                            }
                        },
                        {
                            "other_actors": {
                                "left": [
                                    {
                                        "pitch": "0.0",
                                        "x": "-204.51",
                                        "y": "95.18",
                                        "yaw": "359.302551",
                                        "z": "1.5"
                                    }
                                ]
                            },
                            "transform": {
                                "pitch": "0",
                                "x": -184.51,
                                "y": 122.92,
                                "yaw": 269.0,
                                "z": 1.5
                            }
                        },
                        {
                            "other_actors": {
                                "left": [
                                    {
                                        "pitch": "0.0",
                                        "x": "-184.33",
                                        "y": "107.83",
                                        "yaw": "269.735962",
                                        "z": "1.5"
                                    }
                                ]
                            },
                            "transform": {
                                "pitch": "0",
                                "x": -155.51,
                                "y": 87.83,
                                "yaw": 179.0,
                                "z": 1.5
                            }
                        },
                        {
                            "other_actors": {
                                "left": [
                                    {
                                        "pitch": "0.0",
                                        "x": "-172.1",
                                        "y": "83.71",
                                        "yaw": "178.471924",
                                        "z": "1.5"
                                    }
                                ]
                            },
                            "transform": {
                                "pitch": "0",
                                "x": -192.1,
                                "y": 57.1,
                                "yaw": 88.0,
                                "z": 1.5
                            }
                        },
                        {
                            "other_actors": {
                                "left": [
                                    {
                                        "pitch": "0.0",
                                        "x": "-153.24",
                                        "y": "87.58",
                                        "yaw": "178.471924",
                                        "z": "1.5"
                                    },
                                    {
                                        "pitch": "0.0",
                                        "x": "-153.35",
                                        "y": "83.71",
                                        "yaw": "178.471924",
                                        "z": "1.5"
                                    }
                                ]
                            },
                            "transform": {
                                "pitch": "360.0",
                                "x": "-195.05535888671875",
                                "y": "57.10081100463867",
                                "yaw": "89.98419952392578",
                                "z": "0.055450439453125"
                            }
                        },
                        {
                            "other_actors": {
                                "left": [
                                    {
                                        "pitch": "0.0",
                                        "x": "-152.76",
                                        "y": "87.6",
                                        "yaw": "178.471924",
                                        "z": "1.5"
                                    },
                                    {
                                        "pitch": "0.0",
                                        "x": "-152.86",
                                        "y": "83.56",
                                        "yaw": "178.471924",
                                        "z": "1.5"
                                    }
                                ]
                            },
                            "transform": {
                                "pitch": "0",
                                "x": -195.57,
                                "y": 57.19,
                                "yaw": 88.0,
                                "z": 1.5
                            }
                        },
                        {
                            "other_actors": {
                                "left": [
                                    {
                                        "pitch": "0.0",
                                        "x": "-191.69",
                                        "y": "53.20",
                                        "yaw": "89.658813",
                                        "z": "1.5"
                                    },
                                    {
                                        "pitch": "0.0",
                                        "x": "-195.47",
                                        "y": "53.23",
                                        "yaw": "89.658813",
                                        "z": "1.5"
                                    }
                                ]
                            },
                            "transform": {
                                "pitch": "0",
                                "x": -223.8,
                                "y": 91.42,
                                "yaw": 359.0,
                                "z": 1.5
                            }
                        },
                        {
                            "other_actors": {
                                "left": [
                                    {
                                        "pitch": "0.0",
                                        "x": "-191.69",
                                        "y": "53.20",
                                        "yaw": "89.658813",
                                        "z": "1.5"
                                    },
                                    {
                                        "pitch": "0.0",
                                        "x": "-195.47",
                                        "y": "53.23",
                                        "yaw": "89.658813",
                                        "z": "1.5"
                                    }
                                ]
                            },
                            "transform": {
                                "pitch": "360.0",
                                "x": "-223.80389404296875",
                                "y": "94.8106460571289",
                                "yaw": "0.0655517578125",
                                "z": "0.0"
                            }
                        },
                        {
                            "other_actors": {
                                "left": [
                                    {
                                        "pitch": "0.0",
                                        "x": "-191.46",
                                        "y": "52.71",
                                        "yaw": "89.658813",
                                        "z": "1.5"
                                    },
                                    {
                                        "pitch": "0.0",
                                        "x": "-195.6",
                                        "y": "52.73",
                                        "yaw": "89.658813",
                                        "z": "1.5"
                                    }
                                ]
                            },
                            "transform": {
                                "pitch": "0",
                                "x": -223.6,
                                "y": 94.9,
                                "yaw": 359.0,
                                "z": 1.5
                            }
                        },
                        {
                            "other_actors": {
                                "left": [
                                    {
                                        "pitch": "0.0",
                                        "x": "-191.46",
                                        "y": "52.71",
                                        "yaw": "89.658813",
                                        "z": "1.5"
                                    },
                                    {
                                        "pitch": "0.0",
                                        "x": "-195.6",
                                        "y": "52.73",
                                        "yaw": "89.658813",
                                        "z": "1.5"
                                    }
                                ]
                            },
                            "transform": {
                                "pitch": "360.0",
                                "x": "-223.5959014892578",
                                "y": "91.31087493896484",
                                "yaw": "0.0655517578125",
                                "z": "0.0"
                            }
                        },
                        {
                            "other_actors": {
                                "left": [
                                    {
                                        "pitch": "0.0",
                                        "x": "137.60",
                                        "y": "-2.68",
                                        "yaw": "178.471924",
                                        "z": "1.5"
                                    }
                                ]
                            },
                            "transform": {
                                "pitch": "0",
                                "x": 98.74,
                                "y": -33.15,
                                "yaw": 88.0,
                                "z": 1.5
                            }
                        },
                        {
                            "other_actors": {
                                "left": [
                                    {
                                        "pitch": "0.0",
                                        "x": "137.60",
                                        "y": "-2.68",
                                        "yaw": "178.471924",
                                        "z": "1.5"
                                    }
                                ]
                            },
                            "transform": {
                                "pitch": "360.0",
                                "x": "96.4896011352539",
                                "y": "-33.15665054321289",
                                "yaw": "90.1692886352539",
                                "z": "0.0"
                            }
                        },
                        {
                            "other_actors": {
                                "left": [
                                    {
                                        "pitch": "0.0",
                                        "x": "64.61",
                                        "y": "2.59",
                                        "yaw": "359.302551",
                                        "z": "1.5"
                                    },
                                    {
                                        "pitch": "0.0",
                                        "x": "64.66",
                                        "y": "6.46",
                                        "yaw": "359.302551",
                                        "z": "1.5"
                                    }
                                ]
                            },
                            "transform": {
                                "pitch": "0",
                                "x": 103.3,
                                "y": 33.63,
                                "yaw": 269.0,
                                "z": 1.5
                            }
                        },
                        {
                            "other_actors": {
                                "left": [
                                    {
                                        "pitch": "0.0",
                                        "x": "64.61",
                                        "y": "2.59",
                                        "yaw": "359.302551",
                                        "z": "1.5"
                                    },
                                    {
                                        "pitch": "0.0",
                                        "x": "64.66",
                                        "y": "6.46",
                                        "yaw": "359.302551",
                                        "z": "1.5"
                                    }
                                ]
                            },
                            "transform": {
                                "pitch": "0.0",
                                "x": "106.48635864257812",
                                "y": "33.668888092041016",
                                "yaw": "-89.30083465576172",
                                "z": "0.0"
                            }
                        },
                        {
                            "other_actors": {
                                "left": [
                                    {
                                        "pitch": "0.0",
                                        "x": "99.66",
                                        "y": "-36.18",
                                        "yaw": "89.658813",
                                        "z": "1.5"
                                    },
                                    {
                                        "pitch": "0.0",
                                        "x": "96.34",
                                        "y": "-36.15",
                                        "yaw": "89.658813",
                                        "z": "1.5"
                                    }
                                ]
                            },
                            "transform": {
                                "pitch": "0",
                                "x": 68.42,
                                "y": 2.5,
                                "yaw": 359.0,
                                "z": 1.5
                            }
                        },
                        {
                            "other_actors": {
                                "left": [
                                    {
                                        "pitch": "0.0",
                                        "x": "99.66",
                                        "y": "-36.18",
                                        "yaw": "89.658813",
                                        "z": "1.5"
                                    },
                                    {
                                        "pitch": "0.0",
                                        "x": "96.34",
                                        "y": "-36.15",
                                        "yaw": "89.658813",
                                        "z": "1.5"
                                    }
                                ]
                            },
                            "transform": {
                                "pitch": "360.0",
                                "x": "68.4074935913086",
                                "y": "5.362179279327393",
                                "yaw": "0.2502593994140625",
                                "z": "0.0"
                            }
                        },
                        {
                            "other_actors": {
                                "left": [
                                    {
                                        "pitch": "0.0",
                                        "x": "103.23",
                                        "y": "36.5",
                                        "yaw": "269.735962",
                                        "z": "1.5"
                                    },
                                    {
                                        "pitch": "0.0",
                                        "x": "107.10",
                                        "y": "36.3",
                                        "yaw": "269.735962",
                                        "z": "1.5"
                                    }
                                ]
                            },
                            "transform": {
                                "pitch": "0",
                                "x": 134.56,
                                "y": -2.13,
                                "yaw": 179.0,
                                "z": 1.5
                            }
                        },
                        {
                            "other_actors": {
                                "left": [
                                    {
                                        "pitch": "0.0",
                                        "x": "137.91",
                                        "y": "-3.19",
                                        "yaw": "178.471924",
                                        "z": "1.5"
                                    }
                                ]
                            },
                            "transform": {
                                "pitch": "0",
                                "x": 95.1,
                                "y": -33.6,
                                "yaw": 88.0,
                                "z": 1.5
                            }
                        },
                        {
                            "other_actors": {
                                "left": [
                                    {
                                        "pitch": "0.0",
                                        "x": "137.91",
                                        "y": "-3.19",
                                        "yaw": "178.471924",
                                        "z": "1.5"
                                    }
                                ]
                            },
                            "transform": {
                                "pitch": "360.0",
                                "x": "99.99088287353516",
                                "y": "-33.58554458618164",
                                "yaw": "90.1692886352539",
                                "z": "0.0"
                            }
                        },
                        {
                            "other_actors": {
                                "left": [
                                    {
                                        "pitch": "0.0",
                                        "x": "64.68",
                                        "y": "2.54",
                                        "yaw": "359.302551",
                                        "z": "1.5"
                                    },
                                    {
                                        "pitch": "0.0",
                                        "x": "64.72",
                                        "y": "6.4",
                                        "yaw": "359.302551",
                                        "z": "1.5"
                                    }
                                ]
                            },
                            "transform": {
                                "pitch": "0",
                                "x": 107.6,
                                "y": 33.2,
                                "yaw": 269.0,
                                "z": 1.5
                            }
                        },
                        {
                            "other_actors": {
                                "left": [
                                    {
                                        "pitch": "0.0",
                                        "x": "64.68",
                                        "y": "2.54",
                                        "yaw": "359.302551",
                                        "z": "1.5"
                                    },
                                    {
                                        "pitch": "0.0",
                                        "x": "64.72",
                                        "y": "6.4",
                                        "yaw": "359.302551",
                                        "z": "1.5"
                                    }
                                ]
                            },
                            "transform": {
                                "pitch": "0.0",
                                "x": "102.99250030517578",
                                "y": "33.143775939941406",
                                "yaw": "-89.30083465576172",
                                "z": "0.0"
                            }
                        },
                        {
                            "other_actors": {
                                "left": [
                                    {
                                        "pitch": "0.0",
                                        "x": "99.74",
                                        "y": "-36.67",
                                        "yaw": "89.658813",
                                        "z": "1.5"
                                    },
                                    {
                                        "pitch": "0.0",
                                        "x": "96.19",
                                        "y": "-36.65",
                                        "yaw": "89.658813",
                                        "z": "1.5"
                                    }
                                ]
                            },
                            "transform": {
                                "pitch": "0",
                                "x": 68.39,
                                "y": 5.52,
                                "yaw": 359.0,
                                "z": 1.5
                            }
                        },
                        {
                            "other_actors": {
                                "left": [
                                    {
                                        "pitch": "0.0",
                                        "x": "99.74",
                                        "y": "-36.67",
                                        "yaw": "89.658813",
                                        "z": "1.5"
                                    },
                                    {
                                        "pitch": "0.0",
                                        "x": "96.19",
                                        "y": "-36.65",
                                        "yaw": "89.658813",
                                        "z": "1.5"
                                    }
                                ]
                            },
                            "transform": {
                                "pitch": "360.0",
                                "x": "68.40597534179688",
                                "y": "1.8621394634246826",
                                "yaw": "0.2502593994140625",
                                "z": "0.0"
                            }
                        }
                    ],
                    "scenario_name": "Scenario10"
                }
            ],
            "Town06": [
                {
                    "available_event_configurations": [],
                    "scenario_name": "Scenario10"
                }
            ]
        }
    ]
}