{
    "available_scenarios": [
        {
            "Town_Safebench_Light": [
                {
                    "available_event_configurations": [
                        {
                            "other_actors": {
                                "left": [
                                    {
                                        "pitch": "0.00",
                                        "x": "-17.50",
                                        "y": "5.25",
                                        "yaw": "-0.00",
                                        "z": "0.15"
                                    }
                                ]
                            },
                            "transform": {
                                "pitch": "360.00",
                                "x": "1.75",
                                "y": "42.50",
                                "yaw": "270.00",
                                "z": "0.29"
                            }
                        },
                        {
                            "other_actors": {
                                "left": [
                                    {
                                        "pitch": "0.00",
                                        "x": "194.75",
                                        "y": "-17.50",
                                        "yaw": "90.00",
                                        "z": "0.29"
                                    }
                                ]
                            },
                            "transform": {
                                "pitch": "0.00",
                                "x": "156.50",
                                "y": "1.75",
                                "yaw": "-0.00",
                                "z": "0.15"
                            }
                        },
                        {
                            "other_actors": {
                                "left": [
                                    {
                                        "pitch": "360.00",
                                        "x": "216.50",
                                        "y": "194.75",
                                        "yaw": "180.00",
                                        "z": "0.15"
                                    }
                                ]
                            },
                            "transform": {
                                "pitch": "0.00",
                                "x": "198.25",
                                "y": "156.50",
                                "yaw": "90.00",
                                "z": "0.29"
                            }
                        },
                        {
                            "other_actors": {
                                "left": [
                                    {
                                        "pitch": "360.00",
                                        "x": "5.25",
                                        "y": "216.50",
                                        "yaw": "270.00",
                                        "z": "0.29"
                                    }
                                ]
                            },
                            "transform": {
                                "pitch": "360.00",
                                "x": "42.50",
                                "y": "198.25",
                                "yaw": "180.00",
                                "z": "0.15"
                            }
                        }
                    ],
                    "scenario_name": "Scenario4"
                }
            ],
            "Town01": [
                {
                    "available_event_configurations": [],
                    "scenario_name": "Scenario4"
                }
            ],
            "Town02": [
                {
                    "available_event_configurations": [],
                    "scenario_name": "Scenario4"
                }
            ],
            "Town03": [
                {
                    "available_event_configurations": [],
                    "scenario_name": "Scenario4"
                }
            ],
            "Town04": [
                {
                    "available_event_configurations": [],
                    "scenario_name": "Scenario4"
                }
            ],
            "Town05": [
                {
                    "available_event_configurations": [
                        {
                            "other_actors": {
                                "front": [
                                    {
                                        "pitch": "0.0",
                                        "x": "-47.64",
                                        "y": "37.13",
                                        "yaw": "270.132782",
                                        "z": "1.0"
                                    },
                                    {
                                        "pitch": "0.0",
                                        "x": "-43.90",
                                        "y": "37.14",
                                        "yaw": "270.132782",
                                        "z": "1.0"
                                    }
                                ],
                                "left": [
                                    {
                                        "pitch": "0.0",
                                        "x": "-13.5",
                                        "y": "0.60",
                                        "yaw": "180.132767",
                                        "z": "1.0"
                                    },
                                    {
                                        "pitch": "0.0",
                                        "x": "-13.5",
                                        "y": "-4.47",
                                        "yaw": "180.132767",
                                        "z": "1.0"
                                    }
                                ],
                                "right": [
                                    {
                                        "pitch": "0.0",
                                        "x": "-85.27",
                                        "y": "3.31",
                                        "yaw": "0.132751",
                                        "z": "1.0"
                                    },
                                    {
                                        "pitch": "0.0",
                                        "x": "-85.96",
                                        "y": "6.72",
                                        "yaw": "0.132751",
                                        "z": "1.0"
                                    }
                                ]
                            },
                            "transform": {
                                "pitch": "0",
                                "x": -51.1,
                                "y": -23.19,
                                "yaw": 90.0,
                                "z": 1.0
                            }
                        },
                        {
                            "other_actors": {
                                "front": [
                                    {
                                        "pitch": "0.0",
                                        "x": "28.13",
                                        "y": "52.90",
                                        "yaw": "90.586456",
                                        "z": "1.0"
                                    }
                                ],
                                "left": [
                                    {
                                        "pitch": "0.0",
                                        "x": "-6.77",
                                        "y": "92.18",
                                        "yaw": "0.586456",
                                        "z": "1.0"
                                    },
                                    {
                                        "pitch": "0.0",
                                        "x": "-6.81",
                                        "y": "95.68",
                                        "yaw": "0.586456",
                                        "z": "1.0"
                                    }
                                ],
                                "right": [
                                    {
                                        "pitch": "0.0",
                                        "x": "65.9",
                                        "y": "88.91",
                                        "yaw": "180.586456",
                                        "z": "1.0"
                                    },
                                    {
                                        "pitch": "0.0",
                                        "x": "66.67",
                                        "y": "84.93",
                                        "yaw": "180.586456",
                                        "z": "1.0"
                                    }
                                ]
                            },
                            "transform": {
                                "pitch": "0",
                                "x": 34.91,
                                "y": 123.61,
                                "yaw": 270.0,
                                "z": 1.0
                            }
                        },
                        {
                            "other_actors": {
                                "front": [
                                    {
                                        "pitch": "0.0",
                                        "x": "99.88",
                                        "y": "-37.52",
                                        "yaw": "89.302551",
                                        "z": "1.5"
                                    }
                                ],
                                "left": [
                                    {
                                        "pitch": "0.0",
                                        "x": "64.68",
                                        "y": "2.54",
                                        "yaw": "359.302551",
                                        "z": "1.5"
                                    },
                                    {
                                        "pitch": "0.0",
                                        "x": "64.72",
                                        "y": "6.4",
                                        "yaw": "359.302551",
                                        "z": "1.5"
                                    }
                                ],
                                "right": [
                                    {
                                        "pitch": "0.0",
                                        "x": "136.45",
                                        "y": "-2.34",
                                        "yaw": "179.302551",
                                        "z": "1.5"
                                    }
                                ]
                            },
                            "transform": {
                                "pitch": "0",
                                "x": 107.6,
                                "y": 33.2,
                                "yaw": 269.0,
                                "z": 1.5
                            }
                        },
                        {
                            "other_actors": {
                                "front": [
                                    {
                                        "pitch": "0.0",
                                        "x": "73.36",
                                        "y": "-200.93",
                                        "yaw": "181.283218",
                                        "z": "1.0"
                                    }
                                ],
                                "right": [
                                    {
                                        "pitch": "0.0",
                                        "x": "34.98",
                                        "y": "-151.78",
                                        "yaw": "271.283203",
                                        "z": "1.0"
                                    },
                                    {
                                        "pitch": "0.0",
                                        "x": "38.98",
                                        "y": "-151.81",
                                        "yaw": "271.283203",
                                        "z": "1.0"
                                    }
                                ]
                            },
                            "transform": {
                                "pitch": "0",
                                "x": 6.44,
                                "y": -186.67,
                                "yaw": 1.0,
                                "z": 1.0
                            }
                        },
                        {
                            "other_actors": {
                                "front": [
                                    {
                                        "pitch": "0.0",
                                        "x": "-188.87",
                                        "y": "-125.92",
                                        "yaw": "94.302551",
                                        "z": "1.5"
                                    },
                                    {
                                        "pitch": "0.0",
                                        "x": "-191.29",
                                        "y": "-126.41",
                                        "yaw": "99.302551",
                                        "z": "1.5"
                                    }
                                ],
                                "left": [
                                    {
                                        "pitch": "0.0",
                                        "x": "-226.44",
                                        "y": "-87.59",
                                        "yaw": "359.302551",
                                        "z": "1.5"
                                    },
                                    {
                                        "pitch": "0.0",
                                        "x": "-226.39",
                                        "y": "-84.28",
                                        "yaw": "359.302551",
                                        "z": "1.5"
                                    }
                                ],
                                "right": [
                                    {
                                        "pitch": "0.0",
                                        "x": "-154.27",
                                        "y": "-91.94",
                                        "yaw": "179.302551",
                                        "z": "1.5"
                                    },
                                    {
                                        "pitch": "0.0",
                                        "x": "-153.64",
                                        "y": "-95.6",
                                        "yaw": "179.302551",
                                        "z": "1.5"
                                    }
                                ]
                            },
                            "transform": {
                                "pitch": "0.0",
                                "x": "-184.58729553222656",
                                "y": "-58.731075286865234",
                                "yaw": "-90.01580047607422",
                                "z": "0.055450439453125"
                            }
                        },
                        {
                            "other_actors": {
                                "front": [
                                    {
                                        "pitch": "0.0",
                                        "x": "-127.97",
                                        "y": "-127.93",
                                        "yaw": "90.586456",
                                        "z": "1.0"
                                    }
                                ],
                                "left": [
                                    {
                                        "pitch": "0.0",
                                        "x": "-162.88",
                                        "y": "-87.88",
                                        "yaw": "0.586456",
                                        "z": "1.0"
                                    },
                                    {
                                        "pitch": "0.0",
                                        "x": "-162.91",
                                        "y": "-84.38",
                                        "yaw": "0.586456",
                                        "z": "1.0"
                                    }
                                ],
                                "right": [
                                    {
                                        "pitch": "0.0",
                                        "x": "-88.84",
                                        "y": "-91.12",
                                        "yaw": "180.586456",
                                        "z": "1.0"
                                    },
                                    {
                                        "pitch": "0.0",
                                        "x": "-88.80",
                                        "y": "-95.12",
                                        "yaw": "180.586456",
                                        "z": "1.0"
                                    }
                                ]
                            },
                            "transform": {
                                "pitch": "0",
                                "x": -121.2,
                                "y": -56.45,
                                "yaw": 270.0,
                                "z": 1.0
                            }
                        },
                        {
                            "other_actors": {
                                "front": [
                                    {
                                        "pitch": "0.0",
                                        "x": "-12.79",
                                        "y": "0.61",
                                        "yaw": "180.75441",
                                        "z": "1.0"
                                    },
                                    {
                                        "pitch": "0.0",
                                        "x": "-12.74",
                                        "y": "-4.29",
                                        "yaw": "180.75441",
                                        "z": "1.0"
                                    }
                                ],
                                "left": [
                                    {
                                        "pitch": "0.0",
                                        "x": "-51.9",
                                        "y": "-34.80",
                                        "yaw": "90.754395",
                                        "z": "1.0"
                                    },
                                    {
                                        "pitch": "0.0",
                                        "x": "-54.32",
                                        "y": "-34.83",
                                        "yaw": "90.754395",
                                        "z": "1.0"
                                    }
                                ],
                                "right": [
                                    {
                                        "pitch": "0.0",
                                        "x": "-47.77",
                                        "y": "37.47",
                                        "yaw": "270.754395",
                                        "z": "1.0"
                                    },
                                    {
                                        "pitch": "0.0",
                                        "x": "-44.49",
                                        "y": "38.18",
                                        "yaw": "270.754395",
                                        "z": "1.0"
                                    }
                                ]
                            },
                            "transform": {
                                "pitch": "0",
                                "x": -82.15,
                                "y": 2.83,
                                "yaw": 0.0,
                                "z": 1.0
                            }
                        },
                        {
                            "other_actors": {
                                "front": [
                                    {
                                        "pitch": "0.0",
                                        "x": "-6.99",
                                        "y": "92.30",
                                        "yaw": "0.454346",
                                        "z": "1.0"
                                    }
                                ],
                                "left": [
                                    {
                                        "pitch": "0.0",
                                        "x": "31.67",
                                        "y": "126.65",
                                        "yaw": "270.454376",
                                        "z": "1.0"
                                    },
                                    {
                                        "pitch": "0.0",
                                        "x": "35.17",
                                        "y": "126.67",
                                        "yaw": "270.454376",
                                        "z": "1.0"
                                    }
                                ],
                                "right": [
                                    {
                                        "pitch": "0.0",
                                        "x": "28.26",
                                        "y": "52.62",
                                        "yaw": "90.454346",
                                        "z": "1.0"
                                    },
                                    {
                                        "pitch": "0.0",
                                        "x": "24.26",
                                        "y": "52.59",
                                        "yaw": "90.454346",
                                        "z": "1.0"
                                    }
                                ]
                            },
                            "transform": {
                                "pitch": "0",
                                "x": 62.0,
                                "y": 84.89,
                                "yaw": 180.0,
                                "z": 1.0
                            }
                        },
                        {
                            "other_actors": {
                                "front": [
                                    {
                                        "pitch": "0.0",
                                        "x": "-187.71",
                                        "y": "39.87",
                                        "yaw": "270.132782",
                                        "z": "1.0"
                                    }
                                ],
                                "left": [
                                    {
                                        "pitch": "0.0",
                                        "x": "-153.12",
                                        "y": "0.45",
                                        "yaw": "180.132767",
                                        "z": "1.0"
                                    },
                                    {
                                        "pitch": "0.0",
                                        "x": "-153.11",
                                        "y": "-3.95",
                                        "yaw": "180.132767",
                                        "z": "1.0"
                                    }
                                ],
                                "right": [
                                    {
                                        "pitch": "0.0",
                                        "x": "-227.13",
                                        "y": "3.38",
                                        "yaw": "0.132751",
                                        "z": "1.0"
                                    },
                                    {
                                        "pitch": "0.0",
                                        "x": "-227.13",
                                        "y": "7.38",
                                        "yaw": "0.132751",
                                        "z": "1.0"
                                    }
                                ]
                            },
                            "transform": {
                                "pitch": "0",
                                "x": -195.4,
                                "y": -31.55,
                                "yaw": 90.0,
                                "z": 1.0
                            }
                        },
                        {
                            "other_actors": {
                                "front": [
                                    {
                                        "pitch": "0.0",
                                        "x": "-159.53",
                                        "y": "151.7",
                                        "yaw": "0.113129",
                                        "z": "1.5"
                                    }
                                ],
                                "right": [
                                    {
                                        "pitch": "0.0",
                                        "x": "-126.91",
                                        "y": "111.56",
                                        "yaw": "90.113098",
                                        "z": "1.5"
                                    },
                                    {
                                        "pitch": "0.0",
                                        "x": "-131.38",
                                        "y": "111.35",
                                        "yaw": "90.113098",
                                        "z": "1.5"
                                    }
                                ]
                            },
                            "transform": {
                                "pitch": "0",
                                "x": -93.87,
                                "y": 144.33,
                                "yaw": 180.0,
                                "z": 1.5
                            }
                        }
                    ],
                    "scenario_name": "Scenario4"
                }
            ],
            "Town06": [
                {
                    "available_event_configurations": [],
                    "scenario_name": "Scenario4"
                }
            ]
        }
    ]
}