{
    "available_scenarios": [
        {
            "Town_Safebench_Light": [
                {
                    "available_event_configurations": [
                        {
                            "other_actors": {
                                "left": [
                                    {
                                        "pitch": "0.00",
                                        "x": "-18.50",
                                        "y": "1.75",
                                        "yaw": "-0.00",
                                        "z": "0.15"
                                    }
                                ]
                            },
                            "transform": {
                                "pitch": "360.00",
                                "x": "1.75",
                                "y": "42.50",
                                "yaw": "270.00",
                                "z": "0.29"
                            }
                        },
                        {
                            "other_actors": {
                                "left": [
                                    {
                                        "pitch": "0.00",
                                        "x": "198.25",
                                        "y": "-18.50",
                                        "yaw": "90.00",
                                        "z": "0.29"
                                    }
                                ]
                            },
                            "transform": {
                                "pitch": "0.00",
                                "x": "156.50",
                                "y": "1.75",
                                "yaw": "-0.00",
                                "z": "0.15"
                            }
                        },
                        {
                            "other_actors": {
                                "left": [
                                    {
                                        "pitch": "360.00",
                                        "x": "218.50",
                                        "y": "198.25",
                                        "yaw": "180.00",
                                        "z": "0.15"
                                    }
                                ]
                            },
                            "transform": {
                                "pitch": "0.00",
                                "x": "198.25",
                                "y": "156.50",
                                "yaw": "90.00",
                                "z": "0.29"
                            }
                        },
                        {
                            "other_actors": {
                                "left": [
                                    {
                                        "pitch": "360.00",
                                        "x": "1.75",
                                        "y": "218.50",
                                        "yaw": "270.00",
                                        "z": "0.29"
                                    }
                                ]
                            },
                            "transform": {
                                "pitch": "360.00",
                                "x": "42.50",
                                "y": "198.25",
                                "yaw": "180.00",
                                "z": "0.15"
                            }
                        }
                    ],
                    "scenario_name": "Scenario10"
                }
            ],
            "Town01": [
                {
                    "available_event_configurations": [],
                    "scenario_name": "Scenario10"
                }
            ],
            "Town02": [
                {
                    "available_event_configurations": [],
                    "scenario_name": "Scenario10"
                }
            ],
            "Town03": [
                {
                    "available_event_configurations": [],
                    "scenario_name": "Scenario10"
                }
            ],
            "Town04": [
                {
                    "available_event_configurations": [],
                    "scenario_name": "Scenario10"
                }
            ],
            "Town05": [
                {
                    "available_event_configurations": [
                        {
                            "other_actors": {
                                "left": [
                                    {
                                        "pitch": "0.0",
                                        "x": "-170.11",
                                        "y": "-91.96",
                                        "yaw": "179.424683",
                                        "z": "1.5"
                                    }
                                ]
                            },
                            "transform": {
                                "pitch": "360.0",
                                "x": "-190.11427307128906",
                                "y": "-120.71098327636719",
                                "yaw": "467.6999206542969",
                                "z": "0.055450439453125"
                            }
                        },
                        {
                            "other_actors": {
                                "left": [
                                    {
                                        "pitch": "0.0",
                                        "x": "-204.6",
                                        "y": "-88.61",
                                        "yaw": "359.302551",
                                        "z": "1.5"
                                    }
                                ]
                            },
                            "transform": {
                                "pitch": "0",
                                "x": -184.6,
                                "y": -58.77,
                                "yaw": 269.0,
                                "z": 1.5
                            }
                        },
                        {
                            "other_actors": {
                                "left": [
                                    {
                                        "pitch": "0.0",
                                        "x": "-188.57",
                                        "y": "-71.69",
                                        "yaw": "269.735962",
                                        "z": "1.5"
                                    }
                                ]
                            },
                            "transform": {
                                "pitch": "0",
                                "x": -157.24,
                                "y": -91.69,
                                "yaw": 179.0,
                                "z": 1.5
                            }
                        },
                        {
                            "other_actors": {
                                "left": [
                                    {
                                        "pitch": "0.0",
                                        "x": "-187.0",
                                        "y": "-108.16",
                                        "yaw": "90.0",
                                        "z": "1.5"
                                    }
                                ]
                            },
                            "transform": {
                                "pitch": "0",
                                "x": -220.83,
                                "y": -88.16,
                                "yaw": 359.0,
                                "z": 1.5
                            }
                        },
                        {
                            "other_actors": {
                                "left": [
                                    {
                                        "pitch": "0.0",
                                        "x": "-173.84",
                                        "y": "-91.96",
                                        "yaw": "180.0",
                                        "z": "1.5"
                                    }
                                ]
                            },
                            "transform": {
                                "pitch": "0",
                                "x": -192.93,
                                "y": -121.65,
                                "yaw": 108.05,
                                "z": 1.5
                            }
                        },
                        {
                            "other_actors": {
                                "left": [
                                    {
                                        "pitch": "0.0",
                                        "x": "-208.5",
                                        "y": "-84.28",
                                        "yaw": "359.302551",
                                        "z": "1.5"
                                    }
                                ]
                            },
                            "transform": {
                                "pitch": "0",
                                "x": -188.5,
                                "y": -58.73,
                                "yaw": 269.0,
                                "z": 1.5
                            }
                        },
                        {
                            "other_actors": {
                                "left": [
                                    {
                                        "pitch": "0.0",
                                        "x": "-191.6",
                                        "y": "-104.68",
                                        "yaw": "90.0",
                                        "z": "1.5"
                                    }
                                ]
                            },
                            "transform": {
                                "pitch": "0",
                                "x": -220.81,
                                "y": -84.68,
                                "yaw": 0.0,
                                "z": 1.5
                            }
                        },
                        {
                            "other_actors": {
                                "left": [
                                    {
                                        "pitch": "0.0",
                                        "x": "-204.51",
                                        "y": "95.18",
                                        "yaw": "359.302551",
                                        "z": "1.5"
                                    }
                                ]
                            },
                            "transform": {
                                "pitch": "0",
                                "x": -184.51,
                                "y": 122.92,
                                "yaw": 269.0,
                                "z": 1.5
                            }
                        },
                        {
                            "other_actors": {
                                "left": [
                                    {
                                        "pitch": "0.0",
                                        "x": "-184.33",
                                        "y": "107.83",
                                        "yaw": "269.735962",
                                        "z": "1.5"
                                    }
                                ]
                            },
                            "transform": {
                                "pitch": "0",
                                "x": -155.51,
                                "y": 87.83,
                                "yaw": 179.0,
                                "z": 1.5
                            }
                        },
                        {
                            "other_actors": {
                                "left": [
                                    {
                                        "pitch": "0.0",
                                        "x": "-172.1",
                                        "y": "83.71",
                                        "yaw": "178.471924",
                                        "z": "1.5"
                                    }
                                ]
                            },
                            "transform": {
                                "pitch": "0",
                                "x": -192.1,
                                "y": 57.1,
                                "yaw": 88.0,
                                "z": 1.5
                            }
                        }
                    ],
                    "scenario_name": "Scenario10"
                }
            ],
            "Town06": [
                {
                    "available_event_configurations": [],
                    "scenario_name": "Scenario10"
                }
            ]
        }
    ]
}