{
  "available_scenarios": [
    {
      "Town_Safebench_Light": [
        {
          "available_event_configurations": [
            {
              "other_actors": {
                "left": [
                  {
                    "pitch": "0.00",
                    "x": "-17.50",
                    "y": "5.25",
                    "yaw": "-0.00",
                    "z": "0.15"
                  }
                ]
              },
              "transform": {
                "pitch": "360.00",
                "x": "1.75",
                "y": "42.50",
                "yaw": "270.00",
                "z": "0.29"
              }
            },
            {
              "other_actors": {
                "left": [
                  {
                    "pitch": "0.00",
                    "x": "194.75",
                    "y": "-17.50",
                    "yaw": "90.00",
                    "z": "0.29"
                  }
                ]
              },
              "transform": {
                "pitch": "0.00",
                "x": "156.50",
                "y": "1.75",
                "yaw": "-0.00",
                "z": "0.15"
              }
            },
            {
              "other_actors": {
                "left": [
                  {
                    "pitch": "360.00",
                    "x": "216.50",
                    "y": "194.75",
                    "yaw": "180.00",
                    "z": "0.15"
                  }
                ]
              },
              "transform": {
                "pitch": "0.00",
                "x": "198.25",
                "y": "156.50",
                "yaw": "90.00",
                "z": "0.29"
              }
            },
            {
              "other_actors": {
                "left": [
                  {
                    "pitch": "360.00",
                    "x": "5.25",
                    "y": "216.50",
                    "yaw": "270.00",
                    "z": "0.29"
                  }
                ]
              },
              "transform": {
                "pitch": "360.00",
                "x": "42.50",
                "y": "198.25",
                "yaw": "180.00",
                "z": "0.15"
              }
            }
          ],
          "scenario_name": "Scenario4"
        }
      ]
    }
  ]
}