{
  "available_scenarios": [
    {
      "Town_Safebench_Light": [
        {
          "available_event_configurations": [
            {
              "other_actors": {
                "left": [
                  {
                    "pitch": "0.00",
                    "x": "-1.75",
                    "y": "-27.50",
                    "yaw": "90.00",
                    "z": "0.29"
                  }
                ]
              },
              "transform": {
                "pitch": "360.00",
                "x": "1.75",
                "y": "22.50",
                "yaw": "270.00",
                "z": "0.29"
              }
            },
            {
              "other_actors": {
                "left": [
                  {
                    "pitch": "360.00",
                    "x": "226.50",
                    "y": "-1.75",
                    "yaw": "180.00",
                    "z": "0.15"
                  }
                ]
              },
              "transform": {
                "pitch": "0.00",
                "x": "176.50",
                "y": "1.75",
                "yaw": "-0.00",
                "z": "0.15"
              }
            },
            {
              "other_actors": {
                "left": [
                  {
                    "pitch": "360.00",
                    "x": "201.75",
                    "y": "226.50",
                    "yaw": "270.00",
                    "z": "0.29"
                  }
                ]
              },
              "transform": {
                "pitch": "0.00",
                "x": "198.25",
                "y": "176.50",
                "yaw": "90.00",
                "z": "0.29"
              }
            },
            {
              "other_actors": {
                "left": [
                  {
                    "pitch": "0.00",
                    "x": "-27.50",
                    "y": "201.75",
                    "yaw": "-0.00",
                    "z": "0.15"
                  }
                ]
              },
              "transform": {
                "pitch": "360.00",
                "x": "22.50",
                "y": "198.25",
                "yaw": "180.00",
                "z": "0.15"
              }
            }
          ],
          "scenario_name": "Scenario8"
        }
      ]
    }
  ]
}