{
  "available_scenarios": [
    {
      "Town_Safebench_Light": [
        {
          "available_event_configurations": [
            {
              "other_actors": {
                "left": [
                  {
                    "pitch": "0.00",
                    "x": "-27.50",
                    "y": "5.25",
                    "yaw": "-0.00",
                    "z": "0.15"
                  }
                ]
              },
              "transform": {
                "pitch": "360.00",
                "x": "5.25",
                "y": "32.50",
                "yaw": "270.00",
                "z": "0.29"
              }
            },
            {
              "other_actors": {
                "left": [
                  {
                    "pitch": "0.00",
                    "x": "194.75",
                    "y": "-27.50",
                    "yaw": "90.00",
                    "z": "0.29"
                  }
                ]
              },
              "transform": {
                "pitch": "0.00",
                "x": "166.50",
                "y": "5.25",
                "yaw": "-0.00",
                "z": "0.15"
              }
            },
            {
              "other_actors": {
                "left": [
                  {
                    "pitch": "360.00",
                    "x": "226.50",
                    "y": "194.75",
                    "yaw": "180.00",
                    "z": "0.15"
                  }
                ]
              },
              "transform": {
                "pitch": "0.00",
                "x": "194.75",
                "y": "166.50",
                "yaw": "90.00",
                "z": "0.29"
              }
            },
            {
              "other_actors": {
                "left": [
                  {
                    "pitch": "360.00",
                    "x": "5.25",
                    "y": "226.50",
                    "yaw": "270.00",
                    "z": "0.29"
                  }
                ]
              },
              "transform": {
                "pitch": "360.00",
                "x": "32.50",
                "y": "194.75",
                "yaw": "180.00",
                "z": "0.15"
              }
            }
          ],
          "scenario_name": "Scenario9"
        }
      ]
    }
  ]
}