[
    {
        "data_id": 0,
        "method": "ordinary",
        "scenario_id": 0,
        "route_id": 0,
        "risk_level": null,
        "parameters": null
    },
    {
        "data_id": 1,
        "method": "ordinary",
        "scenario_id": 0,
        "route_id": 0,
        "risk_level": null,
        "parameters": null
    },
    {
        "data_id": 2,
        "method": "ordinary",
        "scenario_id": 0,
        "route_id": 0,
        "risk_level": null,
        "parameters": null
    },
    {
        "data_id": 3,
        "method": "ordinary",
        "scenario_id": 0,
        "route_id": 0,
        "risk_level": null,
        "parameters": null
    }
]